Supplier_ID,On_Time_Delivery_Rate (%),Order_Accuracy_Rate (%),Lead_Time (days),Fulfillment_Rate (%),Defect_Rate (%),Return_Rate (%),Unit_Price ($),Responsiveness_Score (1-10),Flexibility_Rating (1-10),Years_in_Business,Customer_Satisfaction_Rating (1-10),Supplier_Score
SPL0001,92.48357076505616,93.43114944139313,3.811144682411266,97.27096584993606,2.9382838059759977,5.099033154879003,51.87836753971861,6.42963352597709,6.63420711779032,19.50595342876504,7.189786070030742,74.8925519623083
SPL0002,89.30867849414408,94.24313810547294,5.801249954092454,92.23350402746712,1.483955271782626,4.386950524369153,43.558916883121206,8.80497912879093,9.74975283829637,9.696695930926897,7.826577595141378,74.58272072613491
SPL0003,93.23844269050346,96.3322049727011,7.010487399436366,97.60881776031698,2.0961207769409835,3.0894455548802613,51.83446254548426,9.778556231994495,5.708071641750929,6.4579661654476865,7.0490960948000465,74.83715815699685
SPL0004,97.61514928204012,96.21520820813961,7.093961187529484,99.06691357641485,1.5377247112949575,2.029594833441639,58.14947043554582,9.0784299659976,5.401615986699493,2.4314280369358645,7.630446164433152,75.68503788255954
SPL0005,88.82923312638331,86.48932252817164,6.099869057041513,96.24030470967111,1.5655037725676844,4.047334970420385,50.732901054885566,9.494071528708725,6.034512955635935,1.0,5.727662399655458,70.69292739100742
SPL0006,88.8293152152541,88.24869984033951,8.245699864694998,100.0,1.6908278765313607,3.5902280781326246,50.608875368058236,6.864807367145809,5.0933427834825755,2.0793202849725514,8.255952448847527,71.82891607845418
SPL0007,97.89606407753696,94.06014106883464,4.864759141234812,92.67863240268927,2.222133771633713,4.342789830041598,39.47012468289867,5.867283999887235,7.245340631989591,11.335633255057417,8.00144657043467,75.508483358632
SPL0008,93.83717364576455,94.05514380364883,6.715241029957413,91.26603589006575,1.5212513783365227,3.9527577025229546,40.05648623673578,10.0,10.0,12.54362511614967,7.019493642718171,75.54564316132888
SPL0009,87.65262807032524,94.06019074522419,7.240591263423798,89.66383925328716,3.255756125573521,4.574329072979003,28.960920923004597,7.515980241736797,7.6461585462320585,2.094046489839333,8.791094802118886,72.4551031991586
SPL0010,92.71280021792982,100.0,8.028877668117499,99.48813293446754,1.1053926977804962,2.197147182659148,76.24365114780409,7.623750475317429,6.495292995747425,14.475191570380577,9.12508416515187,76.33497179333018
SPL0011,87.68291153593769,94.28356204277267,8.42322975617778,96.96309696906218,1.813128355838641,4.976091098451489,31.342051469130723,9.992291212773587,6.416377462168912,7.584694741582803,6.070928162757231,73.31179995775351
SPL0012,87.67135123214871,96.54226256072239,4.750715816324261,94.83324598726864,1.560268941725825,3.2963994070385993,39.60642203306139,8.83434501410099,3.873618382606686,10.733965059927748,7.084730265720543,74.2199573011327
SPL0013,91.20981135783018,95.81600705397281,3.9317716585287554,95.83990587895946,3.446977884353733,6.112891308937899,39.22389101646204,8.683831658122411,8.766219554294318,18.061103141277123,7.077029180255242,75.9461778017338
SPL0014,80.43359877671101,94.6055650052232,9.555353643797018,91.62353285810487,2.1965547765115745,1.9662182728656483,63.42386565416662,10.0,6.8443256059743955,14.484196579327659,6.872116278669362,70.82737357076697
SPL0015,81.37541083743484,90.73892302143862,7.6646280239591835,100.0,3.0318445394686346,5.603945704747874,45.57575482561958,7.034722654429785,6.639040172818749,8.657346760470839,8.995369810318099,71.85083475146806
SPL0016,87.18856235379513,95.03587688197307,5.503026926886893,95.38766354592568,0.514439626963028,3.296866175193972,68.716131090106,9.391760192121856,10.0,5.544038872923563,7.767408633472636,74.04407907163163
SPL0017,84.93584439832789,88.90869914184971,10.102303951045046,95.32818438381467,2.267050265869259,2.0228729945783277,39.897640636341976,8.085519687345627,7.597505816731372,1.0,7.682582190427267,71.10365422134109
SPL0018,91.57123666297637,91.05272557303996,7.231349268585717,97.17729987169608,2.889630795623437,2.2741712489185177,54.18491243335703,8.402888418294886,5.496417899809631,6.4042334037879,5.5953651627118965,72.06515147285357
SPL0019,85.45987962239394,90.05854580868359,9.358594368127653,96.44302769521013,2.082283989275424,2.51947903770852,37.46979420110364,10.0,6.147284807588913,8.944348805861528,8.762501636251072,73.34121846703336
SPL0020,82.93848149332354,92.32749655754529,7.135036962820218,95.67165207283739,3.065480375065351,3.636248919602875,82.17723691660083,8.761753634434436,9.29689141839351,5.06410236424408,6.512889926175833,69.89698907725841
SPL0021,97.32824384460777,100.0,11.121495849763974,92.62857663366407,1.4827115498996277,3.784253232053249,32.18602371455731,8.80744411857445,7.226540821075529,9.343715164538477,8.071919156319593,76.26377508152342
SPL0022,88.87111849756732,84.530939229633,10.510681684886409,96.41440507140798,3.40934744018558,2.139449994092131,54.64731065340541,9.608761005964704,4.123444043365266,10.38425941479384,8.33285232554983,70.85396061384716
SPL0023,90.33764102343962,94.74504076149806,6.502071703041853,100.0,4.29889812361925,2.9634681116085257,59.50665321398148,7.452570905685672,8.838457869150407,8.875720090959607,9.632790315006382,75.37681857202924
SPL0024,82.87625906893271,85.5491365152414,8.94314190190871,99.03626013846494,1.6371614395603409,6.2134055379177955,56.20698646177247,6.7411854989914906,5.663711828922012,6.749987095882702,6.429415521057066,68.47448540368765
SPL0025,87.27808637737408,90.11227253684227,8.290751899170296,99.7795598799182,1.5544974785992283,5.591314755151068,47.220685116834375,6.43278620896845,10.0,10.843273359833638,4.376585413015009,71.59462506448803
SPL0026,90.55461294854933,96.35580238786946,9.737263115064698,93.46635297070644,3.4533844771177007,3.6544855045110483,48.05268950399861,5.050465115935998,9.160096131429297,12.209703247847045,8.220619453704433,73.34535627553
SPL0027,84.24503211288848,92.25712007638185,5.070153078839791,92.03118553922425,3.5795721457307126,3.0570052172523003,50.657172079686646,10.0,6.1053562086824975,4.548004612785769,10.0,72.7282658447081
SPL0028,91.87849009172837,87.68902088828277,8.372102919996879,94.62263923970106,1.4771399728467318,3.180046990077392,47.79496997557267,6.345187451417475,9.562032723470226,17.05466189873135,9.486735623527325,74.61659811979227
SPL0029,86.99680655040598,89.13878516296013,9.116848973699176,95.16717473686609,1.5798131829041426,3.920276959095625,64.45818675192365,7.6681195646213425,7.1357110210548065,9.507059338578692,8.25159129832955,71.16086840296721
SPL0030,88.54153125103362,94.7183909957387,3.4825210271537714,98.28257455541285,1.7182153911394928,1.4658111522023916,83.15784502387027,7.584780050166619,8.705547350244439,10.094248114724238,7.410036577241543,74.27099516681558
SPL0031,86.99146693885301,89.07853347313146,4.63348297466845,89.92260611085554,0.655549488965723,2.6139351938649824,41.637623224882496,8.461110046713651,7.96946563458895,13.541072116282786,8.968547115964773,74.0869229188854
SPL0032,99.26139092254469,92.8658343583279,2.921535644479799,99.58865095838183,1.0813480535158018,0.49712388918361583,29.452955306313832,9.223605818808945,5.307286690018253,11.166080656317508,6.831744560354638,78.91072905875626
SPL0033,89.93251387631032,92.18228735961526,6.461186331110884,94.52597630426303,0.9958592332479321,3.598834683907919,48.67576927473118,9.290710232539618,5.712900335365076,14.765683169566225,8.571629323227462,74.64368260278098
SPL0034,84.71144535522049,89.39359860957673,8.435084511591924,93.71935679015775,1.2322024348958716,3.9707939095541116,88.69564006481477,7.125383842146592,9.059921635162322,11.43562082600912,8.606564190999952,70.2137484811679
SPL0035,94.11272456051594,100.0,10.004714104192056,91.96368687421949,1.965315112613219,2.275220306550939,37.944881480454036,7.749317429320382,6.330449335786918,6.937813126797811,9.272251888998655,75.60657478054127
SPL0036,83.89578175014489,94.53567608927204,7.14818956083955,90.0354299844027,2.234214732536521,5.360980144935049,74.58675208166102,8.423869925732449,6.1927030735160065,11.807517626030508,10.0,71.11308886351827
SPL0037,91.04431797502377,83.89942965336957,10.257231091142584,97.46951175188575,3.550500492814077,1.161351505496488,75.1655122111466,7.62696331072468,5.0897548413012945,4.281368963396691,8.47089916061452,69.82487150778861
SPL0038,80.20164938060113,92.74581725907771,4.239797083570217,95.2199539015652,1.001645959261209,0.8034376796852696,41.69617637438008,10.0,7.847198131186922,10.542798528882615,7.389243649151002,74.24815631916114
SPL0039,83.35906975550785,89.35285414092645,3.5932351212896907,91.13011730077685,2.984322398476584,3.336677727839958,58.534746187779135,8.736462427457377,10.0,9.833850046777696,7.9693108253696066,72.01526814237863
SPL0040,90.98430617934562,95.4097333391849,6.888904602206763,91.11476368380914,1.786011155774491,4.570647453918232,74.42594934692806,9.102316679074725,4.864934171491454,8.959415713637302,5.877108914133059,70.79538111121846
SPL0041,93.69233289997705,88.8299170462692,7.768130897878614,93.99264590212961,1.9505362903475671,5.525891537186803,44.313083885187694,8.994321903001119,7.0484389133455165,9.357312442805346,7.16634424269313,72.8057788637763
SPL0042,90.85684140594985,91.5410542341324,6.934610503811814,100.0,2.6748194921666038,2.31167360569659,46.946294598464576,9.760210786227987,9.824441110830858,1.0,7.508861074264275,74.9025820090713
SPL0043,89.4217585880588,94.01994911592183,2.865115799920247,94.22122594590918,0.8772779784377014,4.618021250146944,41.274786290770344,8.271532338055561,6.84071721750857,7.2563754612951925,7.371093922478489,74.56799055457303
SPL0044,88.49448152205356,95.46302077668048,6.821759920974423,90.49057114064568,2.3824097461840505,2.942237295748939,34.778649039607,6.05475207806623,7.904743592499468,10.464224505705573,8.182825846440466,73.74178978660099
SPL0045,82.60739004816287,87.19881437177689,4.391060998990294,94.26277080774217,2.166452208213056,2.7410590500887704,40.26083682400989,8.599531927628963,4.875212943706241,10.799281959987002,7.013096081141359,71.43127259441604
SPL0046,86.40077895802645,90.6619950566362,8.339345097660077,94.181829290757,2.492451264008149,4.3254899062300085,31.64089599856615,7.022964659312256,7.856614194415297,4.861624295370209,9.345236800789365,72.75622983754465
SPL0047,87.69680614520107,90.10021875535618,7.733196492193697,86.90934007117528,2.2891686439078183,3.978484317620129,50.51125202388839,7.207074977375365,6.625711469990902,16.328539204323505,8.000248477901836,71.0066728009465
SPL0048,95.28561113109458,89.38668306970516,5.12024042734529,94.83711540044656,4.455300139910895,0.6354117645236261,38.450401534120374,8.87954602813264,8.971459991359726,5.669125758927496,7.988839614633663,75.45070764868096
SPL0049,91.71809144784231,99.06181696112439,5.972266165326613,94.30719640937397,1.3622600157486842,5.214810524588843,53.50678867686121,9.857424607150453,9.374772103129501,14.847286002633684,7.606526340184499,76.30078830133465
SPL0050,81.18479922318633,93.61992684384383,4.881572956222097,97.08861909444026,1.4690030449981824,5.0701370312211775,26.66156530694559,8.031907365104093,10.0,12.135971809358423,8.186228820630776,75.00510094136371
SPL0051,91.62041984697397,86.95646418265981,6.874641805453656,100.0,1.3768594735752355,2.061655947735706,54.96320348321686,8.463249518898445,8.15926634642715,6.768863450780985,8.990117917601161,74.71650159528487
SPL0052,88.07458859791842,95.6714477882191,8.910284641002477,98.37969508864327,1.4445228808397452,3.5937053001561137,62.50293442413387,10.0,7.6515926331643325,18.87655446304756,6.95944374114692,74.59314684341919
SPL0053,86.6153899984702,100.0,5.028547907328912,94.1933339283355,1.3626128726934823,3.7410452794241085,20.093965361428168,8.361129769232852,7.388768603154672,4.0318158412175995,7.210260213109692,75.56978128620159
SPL0054,93.05838144420434,96.12986104220458,8.008093031035688,91.680422273775,3.189016531107552,3.3910106487358607,55.61084854771358,10.0,6.293667414378623,14.595770868050007,7.635528765468003,74.09691879506498
SPL0055,95.15499761247976,85.92252013618395,5.939484763255118,100.0,3.4205042479898546,2.17454226923187,68.41503488709938,8.848264468447317,7.6769676869233825,15.002911590214891,6.384954891832142,73.7351956290388
SPL0056,94.65640059558099,90.063063708535,5.414254335475311,95.17765530204346,1.4292537062505237,1.9925649480929226,31.855384719631918,5.358855861266274,6.409197179721941,6.646898954616775,7.016890568334203,74.29278487767142
SPL0057,85.80391238388681,97.06764459674649,6.785939280090885,95.04178787573883,1.1676444268957713,2.961668893512832,75.08858580256555,9.130012431656798,7.336921952539228,16.962326500321645,7.428534951746409,73.62666025297564
SPL0058,88.45393812074393,89.16932213752487,4.929515355161252,94.92762473866999,2.471415556386404,4.759093528889047,56.28528514049068,8.571737577324166,9.63519507121592,8.749767427005237,9.049267016855273,73.60725004551725
SPL0059,91.65631715701782,93.77527771258491,5.8927013893056355,95.59425428230357,1.4477769557190288,3.8154002318916485,39.424822163623865,9.934629131124119,4.986914869440717,11.443468146399285,8.31507359480231,75.47722869015327
SPL0060,94.8777256356118,95.09853621371735,4.6042442148223035,94.56691876422818,2.6329318177555106,2.444078501870841,49.16346383513441,9.009772026904937,9.27975712225809,11.301609193856104,8.232307893641053,76.8488464508395
SPL0061,87.60412881077355,88.29227811368767,10.929450265832779,93.27901397935929,2.2029230208512995,4.157548065972517,58.374903687825835,7.792316024024339,9.634230134679731,9.32845629264726,9.021077554601566,71.3938796044502
SPL0062,89.07170511668092,91.7618985757528,7.070527103943458,93.35942317627882,0.48425588500276806,0.0,51.14008087118617,6.163552645565952,6.763862946017842,14.054041365798911,7.835153853920724,73.94774054438287
SPL0063,84.46832512996986,79.03493063972371,5.600548984014829,94.90174018935201,3.5475052013300616,4.723148550558156,58.08133988669554,7.686465114070963,2.756290201982811,13.967443602761065,8.468557819914668,68.55084361274547
SPL0064,84.01896687959665,87.90244943466284,7.427959821468444,93.3697256865987,3.7958776730955215,0.39042933183285067,36.1898961038095,6.72421931868605,5.784356025811135,1.2573401338090964,7.876133896481004,70.53611168612765
SPL0065,94.06262911197099,90.98972739442736,6.77534390061834,92.86146265196851,1.3872113095156138,2.456338587895302,52.54041236054117,7.129214825292916,9.593989093122218,16.521701214390763,8.318434819279554,75.29320827482165
SPL0066,96.78120014285412,87.0088672721406,6.558060800933554,95.31929068307569,1.612298440064016,1.3204951580607842,28.794282546425297,8.882867606630914,6.954263875402236,1.6875400598216288,7.300689610866102,74.78782557445173
SPL0067,89.63994939209833,98.52964521572655,8.22833340008685,94.23506834773744,2.285865390724905,1.0579777864186415,48.33160907976949,10.0,5.001395535410179,15.162731021708286,5.073419410068285,73.9746396838739
SPL0068,95.01766448946012,86.27943448815746,8.51501542009461,99.51197896574807,2.334456789987025,4.741240181067779,36.44138537802815,8.592007294734472,5.990450157543565,15.633525684137917,7.838865005376435,74.5704676561559
SPL0069,91.80818012523817,90.23982205321207,5.938997704778945,87.04709057482097,2.6585442726728306,2.2984481980321627,38.9670508611535,6.2061754069472235,8.681240053009105,4.545167848924009,9.707297763319929,73.17668799526705
SPL0070,86.77440122697438,92.52296230914436,5.84836351871064,98.27452055576738,4.01020453876635,3.519755822596074,68.54139762815656,8.666904002330211,8.093467136402758,7.945928560227076,9.11145848268991,73.28314084900204
SPL0071,91.80697802754207,97.76509315626446,6.449896605696712,98.7382555774929,1.8230527725059507,2.929619131681224,66.36965180891403,9.794947229968477,6.522135801660611,4.471476657570321,9.158476981509406,75.64859754876223
SPL0072,97.69018283232984,86.25655139528224,2.3961576705288303,88.77982930277555,1.2017027554615463,3.715561240834682,59.137071813607655,7.085325643520926,6.266351176370625,8.925394848556323,9.483356866167462,73.73224082160314
SPL0073,89.82086980445024,96.65265500861983,3.9696178756028955,93.97193721775895,0.6206807719854728,3.115232836590383,33.61530852991132,7.798974249990623,6.216483701912356,8.459828579071294,8.106389109153724,75.8849860090853
SPL0074,97.82321827907003,92.04093224407835,9.733748534889049,93.88567740201263,1.269069960058081,1.0755116637171456,45.25387325457797,8.022032292093796,5.155179631002995,13.8983026613467,8.236778848886715,75.27021205398947
SPL0075,76.90127447955128,88.0739653958082,10.289935427002568,90.77746491584654,1.966873027126203,4.49440022917071,68.19646549968775,6.82265253037664,10.0,16.55154373059804,7.25881772547878,68.0431418808253
SPL0076,94.10951252187611,93.84841389705308,6.501927920887243,92.66654993722737,3.7945578635177877,2.2593651252580313,52.12575370459857,8.97242065076579,6.35535906157732,16.97841905394978,7.62071257276754,74.71978797845014
SPL0077,90.43523534119086,92.79623878229388,8.153113926111534,91.66827246360252,1.4823887009638286,0.6651271520103732,84.7899430997254,7.818577777088327,9.434317041650992,7.18915986710849,8.73892537972537,72.56689709891813
SPL0078,88.50496324767066,89.59913249136483,7.622500309087072,100.0,2.2237879516388985,2.357827258551131,55.89976759091558,8.629298665860542,10.0,8.95389063127736,9.44466132460258,75.0498462803362
SPL0079,90.45880388267751,92.27920833996008,13.157761616910475,97.80703517944238,1.9835771039272478,5.2511396859514665,52.880736747350475,6.66876173329685,8.996621796295921,1.582809038895249,7.8326644691828005,71.35781206223028
SPL0080,80.06215542699553,90.45874561255296,9.239149822869154,98.81466528498248,3.188393273448084,4.27533261317024,45.363253036962476,7.343812549514884,6.136759374563903,5.970649667519056,7.4597728821783065,70.12032607454695
SPL0081,88.90164056081244,92.454069381005,6.744164817038467,97.16501619212971,4.526932425873621,2.4770217983882112,52.00311357173423,9.083572036741657,7.807460180673219,14.824258165487288,8.000633550627917,74.37246043409405
SPL0082,91.78556285755873,94.6485226980842,5.088919118799149,91.61284468634831,1.4691312270796795,2.476113443522357,47.712952454291845,7.440750271862349,6.951608787218167,18.07791411774116,8.721448098714937,75.73180270423508
SPL0083,97.38947022370758,98.34406726458141,3.787107359484855,93.42643920116068,1.510560557481778,2.517547423173926,60.621630150328855,10.0,5.192596278539744,3.82825564060039,6.26737422063975,75.16177173935318
SPL0084,87.40864890863176,87.04873800469261,7.406927271734446,96.46812368368376,3.0441608770690722,6.115121975341261,64.35053475191876,7.400545721578096,7.6487185634432056,7.037678704235528,5.244582856235315,68.91439822056603
SPL0085,85.95753198553406,100.0,5.487298509431393,91.33361657332416,2.6818914896263113,3.57290317834733,38.21015809238076,8.33702708862783,4.641920417680395,9.867971215205365,7.3393557806100995,73.51341040120401
SPL0086,87.49121478207732,84.19164880190999,4.155492580804651,97.13899529051716,3.8467073257360336,3.6450624707866046,30.031505696633328,9.398886247809635,9.375358776923127,11.400805794098034,6.535145088903009,73.4521952757819
SPL0087,94.57701058851038,91.39285961985766,5.706854231514947,94.2790238055256,2.5839281853259637,4.545425181047763,22.456919403450552,5.872451400600452,6.070765405403214,5.95198240039177,7.390231762823227,73.99399925608574
SPL0088,91.64375554829843,94.3532688259383,4.8369039927712105,93.87553757735121,1.6407079092129404,3.35818373853977,57.619869903688155,5.358786782028837,7.4023193117456785,12.120305222320448,7.8226636174190345,73.94820883938739
SPL0089,87.3511989811648,93.12396747094013,10.37428327014513,97.13287990461048,2.5906548306923094,2.6114367812689454,33.449500907391894,5.711515528144858,7.566575743092284,7.63080326464542,7.456101909172384,72.76569460430693
SPL0090,92.56633716556678,89.50920192071763,8.763279513898901,96.33278993445812,3.1087035805829077,2.7054752263725326,17.706641105712755,9.893876155140774,6.482190052591846,9.927738645608605,9.742961041364895,76.11024010582575
SPL0091,90.4853877467402,91.1675109985709,6.9840547173667655,93.91710150254276,2.820482181197364,2.8925981108789043,55.82867906796446,7.172212781161329,8.17338760295055,12.731421240018499,8.392093717522783,73.45387142260299
SPL0092,94.84322495266444,90.02799626136466,9.959888277780053,98.47798941009275,2.507274031107298,2.9441666452352377,87.39499276149186,10.0,6.050192686754951,10.03211134905469,8.360569231532994,72.64330417057982
SPL0093,86.48973453061323,89.64254097222316,7.154736615295237,91.75681001720031,3.0666746895891537,4.09144431545547,49.9089363269016,7.153628602013917,8.742594594914488,7.818070547367157,8.746648572852083,71.63334352297214
SPL0094,88.36168926701116,95.39840838808409,5.2774315973434724,96.84780682083279,3.1692955904456728,3.077918828710949,62.577361616774624,8.276826954795556,4.308040639506503,9.451950980370846,6.633400258663077,72.519663436166
SPL0095,88.0394592343392,93.42806194386019,10.046248154539315,96.77930377390516,3.382158991037527,4.098960115823369,51.22744037821347,10.0,7.2527591590928235,9.558185203973323,9.246934144904323,73.59862653878288
SPL0096,82.68242525933941,89.22836161895738,8.077820087369318,94.07136068205803,2.648709887589643,2.8789251298371266,48.51665520213286,10.0,10.0,8.149944850589362,7.909082856157448,72.13876888890296
SPL0097,91.48060138532288,95.598399501733,4.925507691347088,95.97839906672635,1.8328819196831456,3.117952785474136,63.786147244816526,10.0,4.999337350788851,8.706019686664488,8.804576740689456,74.97581170609791
SPL0098,91.30527636089944,93.22919808350643,6.619322643832784,91.24665927084409,2.1467136864333227,0.0026989732018387613,45.64588183717023,9.812549345889714,5.6445100589502974,17.993235852523583,6.713771320351814,74.70222292196276
SPL0099,90.02556728321231,95.25144847535584,5.248763493230486,97.77208105762071,3.206508966508357,4.374491512053722,54.010884711078546,9.536093788717194,8.02781569931783,12.804597239706194,6.135489480780723,74.44101597110547
SPL0100,88.82706433312427,94.51851536769445,4.234400538071328,94.44529359067103,1.183064329012764,3.519732713846989,54.8254670929402,8.888790423801774,7.359163563879196,8.522598409854199,8.981467589630034,74.98758404113885
SPL0101,82.92314628974793,88.68401995631172,8.852355095063283,93.43183093844289,2.3686733088729013,4.497015164789478,39.978643195354266,9.167541614249956,7.701260198547119,13.484772022553678,8.45169143131702,71.87087975606454
SPL0102,87.89677338617321,89.75927583921212,10.818833280940261,98.14702767751066,1.6066611876726393,0.0,64.88063524304785,7.1732214255072,7.978374260295327,8.33090255121995,6.917538134770988,71.88996824523171
SPL0103,88.28642741736616,94.98917442049304,4.202864852361717,92.88696892837172,2.0287448229348173,6.132562057171091,47.37560364956887,6.772701674866539,8.26944293712354,15.865623187933206,6.956404302470367,73.59799166067685
SPL0104,85.9886136538919,94.44148106173385,8.125938473381142,90.77461611090932,3.278451862607299,2.7906155577672394,38.66382260760733,7.994938313883572,9.219399683912446,11.84821096099047,9.350521741297722,73.92266602768463
SPL0105,89.19357144166996,91.91639362414341,5.698714861756346,90.3301124794283,2.1910990680199034,4.662274225106275,58.047647653556055,7.744723066212607,7.819637313857025,9.463489279978855,6.572705728559207,71.37140297494481
SPL0106,92.02025428407269,92.46930953323513,6.0257492324706075,96.81802985403692,2.046436548156149,1.4401411093117038,36.52298027313444,7.320157926009087,6.517484690762915,12.238584629051388,9.971207543907155,76.72616088717932
SPL0107,99.43092950605265,97.1106595831537,5.815212151522262,91.15871194251115,0.6401438590200808,3.9191608575938544,50.42271736053692,9.044581171185072,8.345147402405463,2.1456192396575036,6.919255118422558,75.44691674785727
SPL0108,90.8728890641592,89.63371444465668,5.272018460640368,100.0,2.746253566027221,1.419876655239516,49.86321505033695,9.432957812855767,10.0,4.366162655450974,8.76607031073006,75.92651365289362
SPL0109,91.28775195361382,94.18838952468015,7.097043255889654,88.75421177634884,2.645484181141075,2.0643465589562924,66.28843348747367,8.132610329437771,6.7347325072348525,4.030374968004723,7.605657829101219,71.50263259807738
SPL0110,89.62777042116916,91.19122939026443,5.3380997671779244,100.0,4.16325472330546,5.871047030800179,57.12047349319929,10.0,5.050941390658717,10.714715473818533,8.723824917298812,73.66079526100178
SPL0111,80.4061439235048,91.12927518709112,7.540913651559678,95.63305240160786,1.692221765046999,2.71397639885498,49.624595618822845,6.287466328799742,9.214161338573945,18.66257499742546,7.347063197462969,72.38088258295166
SPL0112,89.86743062275391,96.39510740794876,6.899523781101726,94.70986066438883,2.219150327663939,3.3261493097695842,62.266494488004305,7.709510811080423,6.759237672092803,21.15650073096316,7.804648512713247,74.60511061023051
SPL0113,90.30115104970513,95.30166539595211,6.522103906267181,93.36524273957315,2.2493836837107555,4.305101596033131,70.8531132352597,6.924766519095792,2.6546609079719277,13.190255507203785,8.049103010474866,71.72024279150506
SPL0114,100.0,95.25403854400255,5.184872675916804,96.19740834305621,3.5774532797634744,3.743522831958907,58.36715459527793,5.20019507439041,8.694843354300843,12.504222374722286,6.7973750530622326,75.36833882191424
SPL0115,89.03819517609439,97.22191522861732,5.846457338863335,94.88709589272545,1.904704467613048,3.225628357715365,50.15528929765071,7.875978971235951,5.9293436280921545,1.0,8.888989214504152,73.97330451064107
SPL0116,91.50773671166806,92.08401536653103,8.510782451651512,98.30990564604957,2.2790215257703395,3.5474415036993383,30.322456514747607,7.8173787374250745,6.818933435391679,7.286631001329891,7.384143720234098,74.35971035228629
SPL0117,89.82644115147379,94.72781188517986,8.001834375248762,95.34268294598611,2.6078965097165394,6.605123377857413,34.02329505386941,10.0,7.663960661138029,6.0610812404588055,7.725680101591978,73.85944721825518
SPL0118,84.15660981190234,90.75893297362617,5.044889510402898,95.45090528438563,2.1866091231563582,2.9135718044496217,45.421629434679986,8.946217526832166,7.380999359558133,6.89576200874442,6.806780750469786,72.44071133045352
SPL0119,95.7141140725751,93.29666540995377,7.198664610858452,93.90916336335843,1.5535663854494717,3.301648570072451,40.85731696761076,6.463719763506193,8.41890363427808,9.159280907076052,4.925199609445627,73.62683657407834
SPL0120,93.75966516343387,91.47942778252926,8.502774246743577,94.8291631288368,2.1940899928983075,4.575981594011418,47.19543045521831,10.0,6.129027258860313,7.639547111514363,7.770766684879797,73.51726310209217
SPL0121,93.95515973521523,92.38798385997087,3.6611894377572565,95.92340530667617,3.0736317498597723,4.658288899436975,50.849748873456605,9.83155054328803,8.026211596352166,1.0,10.0,75.62698534984617
SPL0122,85.4530627260263,94.38062810174766,8.08672038475987,89.86949482203012,0.9734847005889398,4.78054545834057,57.94539131535096,8.873146555202924,6.4809066448321655,13.73955128058767,8.941525145477629,72.2664109290773
SPL0123,97.0139715546805,88.7271172670661,5.674752482108307,90.95544373368286,2.132969674146876,3.9580953330437767,48.94251832911363,7.660273851725252,8.477620961775006,4.636284871300967,7.976887544318727,73.43727218497
SPL0124,82.9907446860386,100.0,8.141197337186318,97.22979228206815,1.299879185060827,1.2854926309042747,57.297524657393026,6.5608411449147805,8.230734968026107,11.196234320555748,7.684531004950079,74.1573718352297
SPL0125,92.93428546900135,87.97593047400119,5.473481686914966,95.51259631438383,3.1950466289248425,5.450147298451644,50.9671162221518,7.4416898358934205,5.129122595910809,20.370413348749867,8.026959071374456,73.39976171531009
SPL0126,100.0,87.14324554884907,3.390235798670962,94.44804999094197,0.4768130952162253,1.280481910471968,20.368001504691932,9.63312292955628,9.171964232350064,5.403077042067883,8.656542938210253,78.58282729542232
SPL0127,85.04731837434656,96.63244349400027,3.7449151242336747,95.05530179919617,1.4410781527284118,3.45395319785855,35.90996909271868,10.0,5.928073109771904,1.0,6.583024621629386,73.76505824842518
SPL0128,87.16851135198614,95.16665077585175,7.096169893322764,96.04274511608502,2.377211875064521,1.868586224970963,47.83868666417577,10.0,8.61611559656229,8.569978890599446,9.337186033602647,75.62777492223807
SPL0129,90.4982568254382,94.49647926820862,7.519445003442963,93.38072095907191,3.56552402923434,2.903792480110511,31.854578857383387,7.266725867320589,7.734574626802681,15.504798174992855,8.858457578529492,75.31520581977246
SPL0130,87.48262172941901,94.51338203705711,5.191366749791182,92.66508582379306,1.9342497389270121,3.4931436154552205,58.998930949943066,6.320573850066483,10.0,19.791737271102967,8.86182287084952,74.81780996956502
SPL0131,82.24668284466934,91.95101290861234,8.277184917554749,95.58753576529304,1.4448004733068016,3.4820358231754094,72.96126248515546,8.211329370366807,6.553068035256295,3.852252027737916,8.526170886571673,70.34738787341334
SPL0132,90.34281487403014,88.41098251405667,3.6769598754620803,92.0648816671549,3.88115706944059,3.632881131352927,68.28142777545975,5.347340951655722,6.301366407763605,12.483496116182609,8.023539989232788,71.12421134930096
SPL0133,84.68848143136948,92.30321823277491,6.867840402705367,96.22475826714341,0.551986099583756,5.420566903587971,46.79835693604688,8.484751571277172,6.961160788224535,7.673447716099734,8.807433483160183,73.12581499105146
SPL0134,92.36796215317591,89.29135315395155,4.577967600475087,89.89224918728648,0.0,3.6803014522709696,72.36089205274928,7.778596120551997,6.3936404343314495,9.470258228479322,8.710176960489653,72.47287447487244
SPL0135,85.40287882883098,95.90047893367101,5.696327784395682,98.08746691197693,2.4400144500533325,2.633765047064027,52.23001185803167,7.300945247197637,8.5998838038841,23.221716735085174,7.5751511468707715,75.65909203133029
SPL0136,97.7496720250877,91.41177047399144,7.094797342632828,96.41779244723912,1.4979457756473888,4.446130752432536,44.94371043322941,5.6079453990998065,3.767378783126824,2.485148358024234,7.311677872523719,72.85712781754495
SPL0137,86.08373353831881,88.69801121282995,5.279173269432095,95.76808920294162,0.9787671828692868,4.784205733386961,40.7989600468859,8.770400159854574,4.892635161707291,11.268698307472867,8.122227554314383,72.91322468034664
SPL0138,88.38969241897162,90.71445663338802,6.230888911540349,97.94807295183654,2.7083564472993533,1.1585882772945113,45.462954702678076,7.200948740507133,4.864394156841614,12.338465858827167,9.858824181794224,74.79243265778881
SPL0139,94.06758608684835,93.6517258171025,9.012585618428881,99.99642333338772,2.243800713771199,3.896100104774787,44.17734772188157,6.245124746434568,8.900615183947151,15.428931624696736,6.513071509215319,75.13202195180267
SPL0140,83.84567841783023,89.7451017887841,5.846216260953702,98.0431101950544,1.4359213692632715,4.051759113466348,52.55624333563232,3.691606680077526,10.0,10.489915767354477,6.238969681097072,71.45686981493466
SPL0141,91.13729967302065,88.71111841773427,8.671384224130284,89.47737730600507,0.7196956013291056,2.553654744960012,52.40860971574797,7.958727642424045,6.791101562925057,11.540252697520511,8.19771300948382,72.19888402679098
SPL0142,96.53571377141213,92.97474884596765,4.740586290684764,91.16126909979289,2.8724573282801447,5.063560219967429,50.04569030230122,10.0,6.662356553619979,8.041757162891045,8.061065242227222,74.4632083443941
SPL0143,81.96258382719387,92.97986628443489,8.059608355830566,93.12554426691297,2.650201177958661,2.77491661945121,56.55407254619525,10.0,7.140104326226362,11.345634706225537,8.20800999724449,71.93830826088987
SPL0144,90.92316929266153,89.97222729851548,9.8831372413158,95.0782731506325,1.900824136220617,3.1883646802073136,67.85969412179512,7.314355615120592,9.323756605216381,8.284038622512949,8.2927438374902,72.19297156391684
SPL0145,91.29941397124212,90.11584677752671,2.0567109997454214,96.55297706140738,3.846636996047666,2.7403922635741957,64.24331203161985,7.096681909457329,5.145293731618851,13.107859449280255,7.732157294438234,73.4579053980286
SPL0146,93.90911435888655,92.92819974943055,5.406209489059046,92.8227685605396,0.9299152336738474,3.023368571372201,27.726530473251447,8.703161384112535,7.47673796546957,8.15194831978183,9.787836126322498,76.95990441911746
SPL0147,83.81524644560959,86.2076626340107,8.15414425436108,95.56030029343124,0.4744748290752612,1.3555873696571972,11.691182976470678,6.502421841217563,8.950395259564859,11.885501969510932,6.078915225828181,73.12724319757417
SPL0148,83.39771693457863,86.37014490249378,6.593909227914015,92.73385120294003,1.3080919301187555,0.8399236761085582,64.01479866858911,8.452687849729198,8.002188339879691,9.853685931575109,7.005803570263705,70.71611089172929
SPL0149,92.60970782808448,89.12622311499025,7.742291746742618,93.16544659102415,1.9544139836445023,5.3917575948374585,29.496819523768682,9.149120417577036,7.379163233197486,15.630251253860841,7.876094287821143,74.36646188131547
SPL0150,91.48492336616593,91.14621139315261,5.792029626568359,90.78001670945534,2.2433394493226917,1.7295579775225083,46.62851897160975,9.840399835826462,9.002092185134282,9.743031382057568,6.028173426614999,73.60858543857435
SPL0151,91.25246425172938,93.24363026239202,7.1731795749458,92.23030026166728,1.75876394214367,1.5129114758155393,32.448304609109606,7.849768885280071,1.5935354140015257,1.1348376589655924,7.7889747146815145,72.48044717453371
SPL0152,91.73224104748488,97.90142486779821,6.688645529215841,90.944946183151,2.352055396514297,0.0,22.970293436299706,7.694489374734551,8.355750639061815,16.309607503569957,9.993764198873622,78.3474353696822
SPL0153,86.59987639210755,95.43063849280807,9.335564123319614,92.072380241068,0.7484605758095559,2.041557378465747,58.12194092307182,6.683026119865159,5.691848633745153,5.471338495686905,8.025063785955155,71.53647089059325
SPL0154,91.16126848580502,91.3602458801463,7.508841686602426,98.16092538982352,3.4437646040732597,1.0153653098887525,61.387327404539704,6.7596794689402095,3.338734206287086,6.731168306755901,8.27684108686242,72.4112694737005
SPL0155,91.46536236649341,91.92393516838925,7.675205324150404,92.15180333350418,1.9178488216074312,5.463022740204554,41.35234398909921,7.66028166214771,8.022405199049961,7.02169352978254,6.487802281792904,72.14332596190594
SPL0156,86.42824290986816,87.98988254144876,6.1762460677550655,100.0,3.1172958315881276,4.514725634013951,11.134365617826354,8.551048260224267,9.747317090325915,16.872190465854086,7.260366310352627,75.76683346543204
SPL0157,99.32887255572378,91.92594745603044,6.024787551855013,96.47995370264266,2.342725346377704,1.9677744822334144,41.806333276212754,9.370376939349875,6.725102970744616,1.0,7.549764343611276,75.77156838328146
SPL0158,92.36916460455893,90.84536544431944,6.134883624360758,95.55450837108462,2.456753219153784,6.378653708016463,55.877060081038195,6.795231573979483,8.905749094405877,25.68874266829997,7.618741883892519,74.52087241793053
SPL0159,84.04348251398676,93.29087424135236,7.788904284756594,92.42492665945636,2.569767280232204,4.472648230487391,27.81632646838807,10.0,10.0,15.280284045330259,9.537972554004522,75.15022509220593
SPL0160,93.28276804316914,88.69107622579071,6.158031038359474,97.10092963822697,2.4477085600173147,2.5127529247370664,52.750398796687335,7.593314598436147,9.629828907168095,11.1161945706458,8.66922927287015,75.14983168072526
SPL0161,85.1265916488634,94.07738605696468,7.579549713792826,93.27308652128667,2.642722759867544,0.0,49.77035226240507,7.967949058477346,10.0,9.725529996918569,6.666250451675562,73.24899260403657
SPL0162,93.93542301871226,98.13095565201031,11.150801597290878,95.36602944393609,3.3291525301324314,6.436413858886112,58.689372494016325,6.879182481278265,8.484254982143785,11.427770374288285,8.295805734118407,73.45446027199712
SPL0163,95.79297789503703,91.56495940617258,8.742249406863385,100.0,2.19652116970147,0.915641299854606,51.7937055262123,4.363639609590588,7.150867277803186,12.605612141896692,8.597866098196143,75.3564201999626
SPL0164,85.89658840824144,93.60684688839576,6.347952935664318,94.71182030082605,2.7090037575885124,0.5319018795646624,35.40396588677667,9.326068094541574,3.796068376205663,13.226077929750286,9.36817884622552,74.96286951572405
SPL0165,94.8168806462216,94.76057596684446,9.402427844327889,98.44781997885703,1.9102643057127733,4.533855648014461,67.94857252496737,9.10526584563865,6.507875023740103,12.778022330017242,9.896648823882048,75.37540160490991
SPL0166,92.06390463468249,90.39511811245666,6.183849253956897,92.89047072462233,3.440117215449473,6.659628609508909,47.62205640459545,7.57800866432268,5.313506809367617,10.447903406276245,6.781886969806558,71.27650979834716
SPL0167,94.11030079997245,92.89636992724166,2.9237509296442923,94.89503452850911,1.3236076979407303,5.076409227765778,49.590431907351025,8.100486075837308,10.0,9.013307898463369,7.026970986547594,75.50981529401885
SPL0168,99.48396491326974,92.05036960312718,4.983827378165191,100.0,3.8009404329108154,3.8458636800785393,36.00098061390206,8.773908826556148,6.648228375135327,9.24363358173244,6.49090656930246,76.37451094304298
SPL0169,88.77305941998564,92.39070439419532,3.2584161579482886,93.1190988266367,1.9598420493556565,3.892131512497929,43.35076623212734,5.656181214670186,7.2464096135689715,9.025458598236595,7.7191761690716225,73.39921843802597
SPL0170,86.23131917821256,88.90796086457813,6.296973031917383,100.0,0.5692248978819519,4.280123338170462,36.727959289596484,7.206420983980558,8.102970752080935,15.668850484335323,8.5596300493356,75.07892573420256
SPL0171,85.55242785187238,92.09804069703577,7.036836758379104,97.12325580636643,2.1281044149107893,4.138392884680147,47.405809101148655,9.19139701943274,7.087204892744907,12.96778361140431,9.184801419906922,74.21745045064328
SPL0172,85.92094857517282,93.99199316498179,10.352874624550566,93.31259967231719,1.3189483425251192,3.4217871359540637,75.67562720213516,6.118565865246126,10.0,1.0,7.908858771628973,70.17199524875618
SPL0173,89.61449145292949,97.80457443118017,7.653854747528325,96.89722321716657,2.840643548988724,3.1563016559278143,29.421482856029655,8.440336898249944,5.754701276531096,13.279503882648804,7.616182972094188,75.66428510734977
SPL0174,91.70575987408321,95.83708330434082,6.561798942382271,97.91766334888018,1.347376020697609,2.9061103081507165,25.796579031848882,5.965127293064892,7.389214910474485,10.973680973593874,8.182109590698488,76.62545947965424
SPL0175,91.38345399665009,100.0,8.658811162366979,96.86542988665158,1.5538165667852204,1.8690531166999855,72.06755491240412,8.69964497365029,5.5150588286039035,9.906456217770513,6.997828518043972,74.06921465093966
SPL0176,94.13591624518011,88.93060974844781,2.5777293819842297,90.28932584032863,0.11045926905446901,2.578987384699839,46.86014484272201,7.946537776553774,4.359954977558589,8.057407734555571,10.0,74.89373307770423
SPL0177,90.06500945938953,95.48928254688272,7.471229116217132,92.81858847252539,1.5476936807509234,0.4605647787069218,39.963908920101254,5.577302276141736,5.776461818189429,15.620563599930067,6.07080676745833,73.74240952314068
SPL0178,97.26767038578659,92.73336802295341,8.541730387773933,94.25744409334548,0.0,2.852490559807875,65.59857031094114,9.747109031685756,6.9259264059031755,14.73763231061429,8.221688694674869,75.47607918577069
SPL0179,88.67671583381022,100.0,4.0428275084403165,94.77669971269987,0.4160971765142767,1.5171133392736238,40.91576690394704,6.898112634802926,6.1413955509654805,6.135611660881954,10.0,77.02432347057791
SPL0180,100.0,88.7668068585794,9.287508086413858,96.86201629265203,2.7604146561442975,1.3446160241763436,77.39014570320404,6.7846213444784285,5.615158040252288,12.035261435622676,8.008159813471996,73.21567354988342
SPL0181,93.12833673882503,88.6411126312769,7.676992814988829,95.53310300279976,2.785800158650832,3.2698412267302177,60.16888807008904,8.300853795846415,4.187365072656332,5.14171632729357,7.771953157998206,71.54111044983757
SPL0182,85.71421221791859,89.6024294182239,6.169424172198397,90.99396692386969,2.425457561784965,5.088003429516899,42.68132887781446,9.722956024143073,6.83378885474261,3.101909176055347,7.571065492627487,70.94224386087737
SPL0183,84.64553750969444,83.50441710276077,8.26556373221257,96.1405935530179,1.033023856870787,4.377474909003469,82.35962319898255,6.476267271532405,3.9905592519379955,6.866413877050174,7.783529981885111,67.51622585813898
SPL0184,92.41236207621593,89.89697991327695,11.541385715608792,96.83175723585147,1.95228864385802,0.6442490945652346,40.914276154949924,8.092519774771958,8.520111927379205,14.311967361913794,9.647418169611836,75.65608892034847
SPL0185,88.88268607337075,88.96346935378521,7.36373251011699,96.67937134379312,1.9963974609094315,1.5155577951444936,61.13143058013961,8.64322475049586,7.164879505869006,14.765625226880434,5.345765706404592,72.23108332362166
SPL0186,93.57000247046047,92.60157514590483,7.496441172600672,98.24234217666387,0.8416353108074572,4.411156781982324,54.48938870609738,9.039658410894717,4.084897001070139,12.565427100486465,9.840120441555591,75.42874799077101
SPL0187,92.36618812286773,93.36702390310863,6.081278200919511,97.50176646364672,3.5033983017671506,1.5262689096925355,69.52611934098198,8.264662332915838,6.381581845900273,13.625478934239986,6.291251417059826,73.56268802443864
SPL0188,89.63585543671563,99.50468335686355,5.300311261070417,96.37754023768531,2.8773622905756713,2.663050275004463,73.42266795090279,7.449458241375017,5.495687188818834,12.580891435574792,7.680017204918702,74.05668555561041
SPL0189,85.76603140965797,95.8016953527442,8.66067163308849,94.78950286562406,1.779035826170336,3.8250781485368277,50.4800622359865,6.758614669026921,7.638349020838361,6.792592023885239,7.484906695641606,72.20219988453265
SPL0190,82.42576387657067,89.69238537735039,5.287832348182265,90.01711719945203,2.026885838994531,1.547483317704547,38.69873194480725,8.129215824569561,9.680900892046289,12.159612723369703,8.706263923724864,73.29818873056728
SPL0191,87.76742523966489,88.40634131460656,7.143132474438785,96.28885465739776,2.2083828079475527,3.15806325921894,56.89958214408675,6.39179148202159,3.249655060708511,14.002047626138411,6.082250777739503,70.37184228689429
SPL0192,94.28199397161737,93.96767668602602,6.044685106469767,95.62306306148933,0.0,0.9989617576226935,39.834269453718406,3.6179742747580885,7.230052158294835,13.771456649067872,8.554607199298331,76.38837742793669
SPL0193,91.07046872065102,86.71906717191743,7.957959651492784,95.81473651158612,1.752822617479403,2.0979485340731796,80.20080871289935,8.654839706236501,6.679734408866719,15.944566857373214,10.0,73.18673155893774
SPL0194,83.77130610644006,99.32583506341741,7.667324210573897,91.16975427253907,1.3180157520022013,3.4796729012138057,52.04802996624106,9.355902261629293,8.34268015290093,13.54151923600532,6.364191194488628,73.09561749869718
SPL0195,90.86590462925591,96.71776048288515,9.075079888515798,91.75683037877522,0.9983799901050845,0.610509399702496,44.52017673031837,4.455601346687242,7.426393256475379,11.757241037707914,8.227647401132474,74.23114439721417
SPL0196,91.92658689864419,90.12329739158118,5.979967202290506,98.15945855999871,1.718899707114045,3.6607121069405983,52.77020458797362,6.485403942935093,5.496061336522362,15.350751191582138,7.2056213866440695,73.69671571890446
SPL0197,85.58071281899433,85.1474618836365,6.460250129413257,94.88133453843004,3.797686526849523,2.970543301609978,29.793105657054554,8.928731391507796,6.361892128666764,9.867393703754699,8.511064647431644,72.39005415002619
SPL0198,90.76862552972764,97.41548949666165,5.042472568435385,97.04450209211787,2.64084286126701,3.8287349316257218,35.42578942234023,10.0,5.407948286393022,5.590626743861411,8.022977332898902,75.81895977468625
SPL0199,90.29104359223,91.54184061898953,6.111413479847776,95.08495512839139,1.4288210102172032,3.335871201096992,68.00620861916639,8.031190561513112,9.152014277197196,9.184665180281181,7.230215709146829,73.09360659645247
SPL0200,84.28514851084688,96.95126524789384,7.754600986089704,95.08926841848724,2.5725827813561586,5.046210644960766,40.14658581542906,6.907995588156298,7.0426232973438845,6.275486775967755,8.585446741845288,72.82238531146696
